index,y
1,1
2,1
3,0
4,0
5,0
6,1
7,0
8,1
9,0
10,0
11,0
12,0
13,1
14,0
15,1
16,0
17,0
18,1
19,0
20,1
21,0
22,1
23,1
24,0
25,1
26,0
27,1
28,0
29,0
30,0
31,0
32,0
33,0
34,1
35,0
36,1
37,0
38,1
39,0
40,1
41,1
42,0
43,0
44,0
45,0
46,0
47,0
48,0
49,0
50,0
51,0
52,1
53,1
54,0
55,0
56,0
57,0
58,0
59,1
60,0
61,1
62,1
63,1
64,1
65,0
66,0
67,0
68,0
69,0
70,0
71,1
72,0
73,1
74,0
75,0
76,0
77,1
78,0
79,0
80,0
81,0
82,0
83,0
84,0
85,1
86,0
87,1
88,0
89,0
90,1
91,0
92,1
93,1
94,0
95,1
96,0
97,0
98,0
99,0
100,0
101,0
102,1
103,0
104,0
105,0
106,0
107,1
108,0
109,0
110,1
111,0
112,1
113,0
114,1
115,0
116,1
117,0
118,0
119,0
120,0
121,0
122,1
123,0
124,1
125,0
126,1
127,0
128,1
129,1
130,0
131,1
132,0
133,0
134,1
135,1
136,0
137,0
138,0
139,1
140,0
141,0
142,1
143,0
144,0
145,1
146,1
147,0
148,0
149,0
150,1
151,0
152,1
153,1
154,1
155,1
156,1
157,0
158,0
159,1
160,0
161,1
162,0
163,0
164,0
165,1
166,0
167,1
168,0
169,0
170,0
171,0
172,1
173,1
174,0
175,0
176,1
177,1
178,1
179,1
180,0
181,1
182,0
183,0
184,0
185,0
186,1
187,0
188,0
189,1
190,0
191,0
192,1
193,1
194,1
195,1
196,0
197,0
198,0
199,0
200,0
201,0
202,1
203,0
204,0
205,0
206,0
207,0
208,1
209,0
210,1
211,0
212,0
213,1
214,0
215,0
216,0
217,0
218,1
219,0
220,0
221,1
222,0
223,0
224,1
225,0
226,0
227,0
228,0
229,0
230,0
231,0
232,0
233,0
234,0
235,1
236,0
237,0
238,1
239,0
240,1
241,0
242,0
243,1
244,1
245,0
246,0
247,1
248,1
249,1
250,1
251,0
252,0
253,0
254,1
255,0
256,0
257,0
258,0
259,0
260,1
261,0
262,0
263,0
264,1
265,1
266,0
267,0
268,0
269,1
270,0
271,0
272,0
273,1
274,1
275,0
276,0
277,1
278,0
279,0
280,0
281,0
282,0
283,0
284,1
285,0
286,1
287,0
288,1
289,0
290,0
291,1
292,0
293,0
294,0
295,0
296,1
297,0
298,0
299,0
300,1
301,0
302,1
303,0
304,1
305,0
306,1
307,0
308,0
309,0
310,1
311,1
312,0
313,0
314,1
315,0
316,1
317,0
318,0
319,1
320,0
321,0
322,0
323,0
324,0
325,0
326,1
327,0
328,0
329,1
330,0
331,0
332,1
333,1
334,0
335,0
336,0
337,0
338,1
339,0
340,0
341,1
342,0
343,1
344,0
345,1
346,0
347,0
348,1
349,0
350,1
351,0
352,1
353,0
354,0
355,1
356,0
357,0
358,0
359,0
360,0
361,0
362,0
363,0
364,0
365,1
366,1
367,0
368,0
369,1
370,1
371,0
372,0
373,0
374,1
375,0
376,1
377,1
378,0
379,1
380,1
381,0
382,0
383,0
384,0
385,0
386,0
387,0
388,1
389,1
390,1
391,0
392,1
393,0
394,0
395,1
396,1
397,0
398,0
399,0
400,1
401,0
402,1
403,0
404,0
405,1
406,0
407,1
408,0
409,0
410,0
411,0
412,1
413,1
414,1
415,1
416,0
417,1
418,1
419,0
420,0
421,0
422,0
423,0
424,0
425,0
426,1
427,0
428,0
429,0
430,0
431,0
432,0
433,1
434,1
435,0
436,0
437,1
438,0
439,0
440,1
441,1
442,1
443,1
444,0
445,0
446,1
447,1
448,0
449,1
450,0
451,0
452,0
453,0
454,0
455,1
456,1
457,1
458,0
459,0
460,1
461,0
462,1
463,1
464,1
465,0
466,0
467,0
468,0
469,0
470,0
471,1
472,0
473,0
474,1
475,0
476,0
477,1
478,0
479,1
480,0
481,0
482,1
483,0
484,1
485,0
486,0
487,1
488,1
489,0
490,0
491,1
492,0
493,1
494,1
495,0
496,1
497,0
498,1
499,0
500,0
501,1
502,0
503,1
504,1
505,0
506,0
507,1
508,0
509,0
510,0
511,0
512,0
513,0
514,0
515,0
516,1
517,0
518,0
519,0
520,0
521,0
522,0
523,0
524,0
525,0
526,0
527,0
528,0
529,0
530,1
531,0
532,0
533,0
534,0
535,0
536,0
537,0
538,0
539,1
540,0
541,0
542,1
543,1
544,0
545,0
546,0
547,0
548,0
549,0
550,1
551,0
552,1
553,0
554,0
555,0
556,0
557,1
558,0
559,0
560,0
561,0
562,0
563,0
564,0
565,0
566,1
567,0
568,0
569,0
570,0
571,0
572,0
573,0
574,0
575,1
576,0
577,1
578,0
579,0
580,0
581,0
582,0
583,0
584,0
585,0
586,1
587,0
588,0
589,0
590,1
591,1
592,0
593,0
594,0
595,0
596,0
597,0
598,1
599,1
600,0
601,1
602,0
603,1
604,1
605,0
606,1
607,0
608,0
609,1
610,0
611,0
612,0
613,0
614,0
615,1
616,0
617,0
618,1
619,0
620,0
621,0
622,0
623,0
624,0
625,0
626,0
627,0
628,0
629,0
630,1
631,0
632,0
633,0
634,1
635,0
636,0
637,0
638,0
639,1
640,0
641,0
642,0
643,0
644,0
645,0
646,0
647,0
648,0
649,0
650,0
651,0
652,0
653,0
654,0
655,0
656,0
657,0
658,1
659,0
660,0
661,0
662,0
663,1
664,0
665,0
666,1
667,0
668,0
669,0
670,1
671,0
672,0
673,1
674,0
675,1
676,0
677,1
678,0
679,0
680,0
681,1
682,1
683,0
684,0
685,0
686,0
687,0
688,0
689,1
690,1
691,0
692,0
693,1
694,0
695,0
696,1
697,0
698,0
699,1
700,0
701,0
702,0
703,1
704,1
705,0
706,0
707,1
708,1
709,1
710,0
711,1
712,0
713,0
714,0
715,1
716,1
717,0
718,1
719,0
720,0
721,1
722,0
723,0
724,0
725,1
726,0
727,0
728,1
729,0
730,0
731,1
732,0
733,0
734,0
735,0
736,1
737,0
738,0
739,0
740,0
741,1
742,1
743,0
744,0
745,0
746,0
747,0
748,0
749,1
750,0
751,1
752,0
753,0
754,1
755,1
756,0
757,0
758,1
759,0
760,1
761,0
762,0
763,0
764,1
765,1
766,0
767,0
768,1
769,1
770,0
771,1
772,1
773,0
774,1
775,1
776,0
777,1
778,0
779,1
780,0
781,0
782,0
783,0
784,0
785,0
786,1
787,0
788,0
789,1
790,1
791,0
792,0
793,1
794,1
795,1
796,0
797,1
798,0
799,0
800,0
801,0
802,0
803,0
804,0
805,1
806,1
807,1
808,0
809,0
810,0
811,1
812,1
813,0
814,0
815,1
816,0
817,0
818,0
819,0
820,0
821,1
822,0
823,0
824,0
825,0
826,1
827,1
828,1
829,0
830,0
831,0
832,1
833,0
834,1
835,0
836,0
837,1
838,0
839,0
840,1
841,0
842,0
843,0
844,0
845,0
846,1
847,1
848,0
849,1
850,0
851,0
852,0
853,0
854,0
855,1
856,0
857,0
858,0
859,0
860,1
861,0
862,0
863,0
864,0
865,0
866,0
867,1
868,1
869,0
870,0
871,0
872,0
873,0
874,1
875,1
876,1
877,1
878,1
879,0
880,1
881,1
882,1
883,0
884,0
885,0
886,1
887,1
888,0
889,0
890,1
891,0
892,0
893,0
894,0
895,0
896,0
897,0
898,0
899,0
900,1
901,0
902,0
903,0
904,1
905,0
906,1
907,0
908,0
909,0
910,0
911,0
912,1
913,0
914,0
915,0
916,0
917,1
918,1
919,0
920,0
921,0
922,0
923,0
924,0
925,1
926,0
927,0
928,1
929,1
930,0
931,0
932,1
933,1
934,0
935,0
936,0
937,0
938,0
939,0
940,0
941,0
942,1
943,0
944,0
945,0
946,0
947,0
948,1
949,1
950,0
951,0
952,1
953,1
954,1
955,0
956,0
957,0
958,1
959,0
960,1
961,0
962,1
963,0
964,0
965,0
966,0
967,0
968,0
969,0
970,0
971,0
972,1
973,0
974,1
975,1
976,1
977,1
978,0
979,1
980,0
981,0
982,0
983,0
984,0
985,1
986,0
987,1
988,0
989,0
990,0
991,1
992,0
993,1
994,0
995,0
996,1
997,0
998,1
999,1
1000,1
1001,0
1002,1
1003,0
1004,0
1005,0
1006,0
1007,1
1008,0
1009,1
1010,0
1011,0
1012,0
1013,0
1014,1
1015,0
1016,1
1017,0
1018,0
1019,0
1020,0
1021,1
1022,0
1023,0
1024,1
1025,1
1026,1
1027,0
1028,1
1029,0
1030,0
1031,0
1032,0
1033,1
1034,0
1035,0
1036,0
1037,0
1038,1
1039,0
1040,0
1041,0
1042,1
1043,1
1044,1
1045,0
1046,0
1047,0
1048,1
1049,0
1050,0
1051,0
1052,0
1053,0
1054,0
1055,0
1056,0
1057,0
1058,0
1059,0
1060,1
1061,0
1062,0
1063,0
1064,0
1065,0
1066,0
1067,0
1068,0
1069,0
1070,0
1071,1
1072,0
1073,0
1074,0
1075,1
1076,0
1077,1
1078,1
1079,1
1080,0
1081,0
1082,0
1083,0
1084,1
1085,1
1086,0
1087,1
1088,0
1089,0
1090,0
1091,0
1092,0
1093,0
1094,0
1095,1
1096,1
1097,1
1098,1
1099,0
1100,1
1101,1
1102,1
1103,0
1104,0
1105,0
1106,0
1107,0
1108,0
1109,0
1110,0
1111,0
1112,1
1113,1
1114,0
1115,0
1116,0
1117,0
1118,1
1119,0
1120,0
1121,0
1122,0
1123,0
1124,0
1125,1
1126,0
1127,1
1128,0
1129,1
1130,0
1131,0
1132,0
1133,0
1134,0
1135,1
1136,0
1137,0
1138,0
1139,0
1140,0
1141,0
1142,1
1143,0
1144,0
1145,0
1146,0
1147,0
1148,1
1149,0
1150,1
1151,1
1152,0
1153,0
1154,0
1155,1
1156,1
1157,0
1158,0
1159,0
1160,1
1161,0
1162,0
1163,0
1164,0
1165,0
1166,0
1167,1
1168,1
1169,0
1170,1
1171,1
1172,0
1173,0
1174,0
1175,0
1176,0
1177,1
1178,1
1179,1
1180,0
1181,0
1182,0
1183,0
1184,0
1185,0
1186,1
1187,0
1188,0
1189,0
1190,0
1191,1
1192,0
1193,1
1194,0
1195,0
1196,0
1197,0
1198,1
1199,0
1200,0
1201,1
1202,0
1203,1
1204,1
1205,0
1206,0
1207,0
1208,1
1209,0
1210,0
1211,0
1212,1
1213,1
1214,0
1215,1
1216,1
1217,0
1218,0
1219,1
1220,0
1221,0
1222,1
1223,0
1224,0
1225,1
1226,1
1227,0
1228,1
1229,0
1230,0
1231,0
1232,1
1233,1
1234,0
1235,1
1236,0
1237,0
1238,0
1239,0
1240,0
1241,1
1242,0
1243,0
1244,0
1245,1
1246,0
1247,0
1248,1
1249,0
1250,0
1251,1
1252,1
1253,0
1254,0
1255,0
1256,0
1257,0
1258,1
1259,1
1260,0
1261,0
1262,0
1263,0
1264,1
1265,0
1266,1
1267,0
1268,1
1269,0
1270,1
1271,0
1272,0
1273,0
1274,0
1275,1
1276,1
1277,0
1278,1
1279,1
1280,1
1281,0
1282,0
1283,0
1284,0
1285,1
1286,0
1287,1
1288,0
1289,1
1290,0
1291,0
1292,1
1293,1
1294,0
1295,0
1296,1
1297,1
1298,1
1299,1
1300,1
1301,1
1302,0
1303,1
1304,0
1305,0
1306,0
1307,0
1308,0
1309,0
1310,0
1311,1
1312,0
1313,1
1314,1
1315,0
1316,1
1317,1
1318,0
1319,1
1320,0
1321,1
1322,1
1323,1
1324,1
1325,1
1326,1
1327,1
1328,1
1329,1
1330,0
1331,1
1332,1
1333,1
1334,1
1335,0
1336,0
1337,1
1338,1
1339,1
1340,0
1341,1
1342,1
1343,1
1344,0
1345,0
1346,0
1347,0
1348,1
1349,0
1350,0
1351,1
1352,0
1353,0
1354,0
1355,0
1356,0
1357,0
1358,0
1359,1
1360,0
1361,1
1362,0
1363,0
1364,1
1365,0
1366,1
1367,0
1368,0
1369,1
1370,1
1371,0
1372,0
1373,0
1374,0
1375,1
1376,0
1377,0
1378,0
1379,0
1380,0
1381,0
1382,0
1383,0
1384,0
1385,0
1386,1
1387,0
1388,0
1389,0
1390,0
1391,0
1392,1
1393,0
1394,1
1395,1
1396,1
1397,0
1398,1
1399,0
1400,1
1401,0
1402,0
1403,0
1404,0
1405,1
1406,0
1407,0
1408,0
1409,1
1410,0
1411,0
1412,0
1413,0
1414,0
1415,0
1416,0
1417,0
1418,0
1419,1
1420,0
1421,0
1422,1
1423,0
1424,0
1425,0
1426,1
1427,0
1428,0
1429,0
1430,0
1431,0
1432,0
1433,1
1434,1
1435,1
1436,0
1437,0
1438,0
1439,0
1440,0
1441,0
1442,0
1443,0
1444,0
1445,0
1446,0
1447,0
1448,1
1449,0
1450,0
1451,1
1452,0
1453,0
1454,0
1455,0
1456,1
1457,0
1458,0
1459,1
1460,1
1461,0
1462,0
1463,1
1464,0
1465,0
1466,0
1467,0
1468,0
1469,0
1470,1
1471,1
1472,0
1473,0
1474,0
1475,0
1476,0
1477,1
1478,1
1479,0
1480,1
1481,1
1482,0
1483,0
1484,1
1485,0
1486,1
1487,1
1488,0
1489,0
1490,0
1491,0
1492,0
1493,0
1494,0
1495,0
1496,0
1497,0
1498,0
1499,1
1500,1
1501,0
1502,1
1503,0
1504,1
1505,0
1506,1
1507,1
1508,0
1509,0
1510,1
1511,0
1512,1
1513,0
1514,1
1515,0
1516,0
1517,1
1518,0
1519,1
1520,0
1521,1
1522,1
1523,0
1524,0
1525,1
1526,1
1527,0
1528,1
1529,0
1530,1
1531,0
1532,0
1533,0
1534,0
1535,1
1536,0
1537,1
1538,0
1539,0
1540,0
1541,0
1542,0
1543,0
1544,0
1545,1
1546,1
1547,0
1548,0
1549,0
1550,0
1551,1
1552,0
1553,1
1554,0
1555,1
1556,1
1557,1
1558,1
1559,0
1560,0
1561,0
1562,1
1563,0
1564,0
1565,0
1566,1
1567,0
1568,0
1569,1
1570,0
1571,1
1572,0
1573,0
1574,0
1575,1
1576,1
1577,1
1578,0
1579,0
1580,0
1581,0
1582,0
1583,0
1584,1
1585,1
1586,0
1587,0
1588,0
1589,0
1590,0
1591,1
1592,1
1593,0
1594,0
1595,0
1596,1
1597,1
1598,0
1599,0
1600,0
1601,0
1602,1
1603,1
1604,0
1605,1
1606,0
1607,1
1608,0
1609,0
1610,1
1611,0
1612,0
1613,0
1614,0
1615,0
1616,0
1617,1
1618,1
1619,0
1620,0
1621,0
1622,1
1623,0
1624,0
1625,0
1626,1
1627,1
1628,0
1629,0
1630,0
1631,0
1632,1
1633,0
1634,0
1635,0
1636,0
1637,1
1638,1
1639,1
1640,0
1641,0
1642,0
1643,1
1644,0
1645,0
1646,1
1647,1
1648,1
1649,1
1650,1
1651,1
1652,0
1653,0
1654,1
1655,0
1656,1
1657,0
1658,0
1659,0
1660,1
1661,1
1662,0
1663,1
1664,0
1665,0
1666,1
1667,0
1668,0
1669,1
1670,1
1671,0
1672,0
1673,1
1674,0
1675,1
1676,1
1677,0
1678,0
1679,0
1680,1
1681,1
1682,1
1683,1
1684,0
1685,1
1686,1
1687,1
1688,0
1689,0
1690,1
1691,0
1692,1
1693,0
1694,0
1695,0
1696,0
1697,0
1698,0
1699,0
1700,0
1701,0
1702,0
1703,0
1704,0
1705,1
1706,0
1707,0
1708,1
1709,0
1710,0
1711,0
1712,0
1713,1
1714,1
1715,0
1716,0
1717,0
1718,0
1719,1
1720,0
1721,0
1722,0
1723,0
1724,0
1725,1
1726,0
1727,0
1728,1
1729,0
1730,0
1731,0
1732,1
1733,0
1734,1
1735,1
1736,0
1737,0
1738,0
1739,0
1740,0
1741,0
1742,0
1743,0
1744,0
1745,1
1746,1
1747,1
1748,1
1749,0
1750,1
1751,1
1752,0
1753,1
1754,1
1755,1
1756,0
1757,0
1758,0
1759,0
1760,1
1761,0
1762,0
1763,1
1764,0
1765,1
1766,0
1767,0
1768,0
1769,0
1770,1
1771,0
1772,1
1773,1
1774,0
1775,1
1776,0
1777,0
1778,0
1779,0
1780,1
1781,0
1782,0
1783,0
1784,1
1785,1
1786,0
1787,0
1788,0
1789,0
1790,0
1791,0
1792,0
1793,0
1794,1
1795,0
1796,0
1797,0
1798,0
1799,0
1800,0
1801,1
1802,1
1803,0
1804,0
1805,1
1806,0
1807,0
1808,1
1809,0
1810,0
1811,0
1812,1
1813,1
1814,0
1815,0
1816,0
1817,0
1818,0
1819,0
1820,0
1821,0
1822,0
1823,1
1824,1
1825,1
1826,0
1827,0
1828,1
1829,0
1830,0
1831,0
1832,0
1833,1
1834,0
1835,0
1836,1
1837,1
1838,1
1839,0
1840,1
1841,0
1842,1
1843,0
1844,0
1845,1
1846,0
1847,0
1848,0
1849,0
1850,1
1851,0
1852,0
1853,0
1854,0
1855,0
1856,0
1857,1
1858,1
1859,0
1860,0
1861,0
1862,0
1863,0
1864,0
1865,0
1866,0
1867,1
1868,1
1869,0
1870,0
1871,1
1872,0
1873,1
1874,0
1875,1
1876,0
1877,1
1878,1
1879,0
1880,1
1881,1
1882,0
1883,1
1884,1
1885,0
1886,0
1887,0
1888,1
1889,1
1890,0
1891,0
1892,0
1893,0
1894,1
1895,1
1896,1
1897,1
1898,1
1899,1
1900,1
1901,0
1902,1
1903,0
1904,0
1905,0
1906,0
1907,0
1908,0
1909,1
1910,1
1911,0
1912,0
1913,0
1914,0
1915,0
1916,1
1917,0
1918,0
1919,1
1920,0
1921,1
1922,1
1923,1
1924,0
1925,0
1926,0
1927,1
1928,0
1929,0
1930,0
1931,0
1932,1
1933,0
1934,0
1935,0
1936,0
1937,0
1938,0
1939,1
1940,0
1941,1
1942,0
1943,0
1944,1
1945,0
1946,0
1947,0
1948,0
1949,0
1950,0
1951,1
1952,0
1953,0
1954,0
1955,0
1956,0
1957,1
1958,1
1959,0
1960,0
1961,0
1962,0
1963,0
1964,0
1965,0
1966,1
1967,0
1968,1
1969,0
1970,0
1971,1
1972,0
1973,0
1974,0
1975,0
1976,0
1977,1
1978,0
1979,1
1980,1
1981,1
1982,1
1983,1
1984,0
1985,0
1986,0
1987,1
1988,0
1989,0
1990,0
1991,1
1992,1
1993,1
1994,0
1995,0
1996,1
1997,0
1998,1
1999,1
2000,0
2001,0
2002,0
2003,1
2004,1
2005,0
2006,1
2007,1
2008,0
2009,0
2010,1
2011,1
2012,1
2013,1
2014,0
2015,1
2016,0
2017,1
2018,1
2019,1
2020,0
2021,0
2022,0
2023,0
2024,1
2025,0
2026,1
2027,0
2028,0
2029,0
2030,0
2031,0
2032,0
2033,0
2034,0
2035,1
2036,1
2037,0
2038,1
2039,1
2040,0
2041,0
2042,0
2043,0
2044,0
2045,0
2046,0
2047,0
2048,0
2049,0
2050,0
2051,1
2052,0
2053,0
2054,0
2055,0
2056,1
2057,0
2058,0
2059,0
2060,1
2061,0
2062,0
2063,0
2064,0
2065,0
2066,0
2067,0
2068,0
2069,0
2070,1
2071,0
2072,1
2073,1
2074,1
2075,1
2076,0
2077,0
2078,0
2079,0
2080,0
2081,1
2082,1
2083,1
2084,1
2085,0
2086,0
2087,1
2088,0
2089,1
2090,0
2091,1
2092,1
2093,0
2094,0
2095,0
2096,0
2097,0
2098,1
2099,0
2100,0
2101,0
2102,0
2103,0
2104,1
2105,1
2106,1
2107,0
2108,1
2109,0
2110,0
2111,0
2112,1
2113,0
2114,0
2115,1
2116,1
2117,0
2118,0
2119,1
2120,0
2121,1
2122,0
2123,1
2124,1
2125,0
2126,0
2127,1
2128,1
2129,1
2130,1
2131,0
2132,1
2133,0
2134,0
2135,0
2136,0
2137,0
2138,0
2139,0
2140,1
2141,1
2142,0
2143,1
2144,0
2145,0
2146,1
2147,0
2148,0
2149,1
2150,0
2151,0
2152,1
2153,1
2154,0
2155,0
2156,1
2157,1
2158,1
2159,1
2160,0
2161,0
2162,1
2163,1
2164,0
2165,0
2166,0
2167,0
2168,0
2169,0
2170,1
2171,0
2172,0
2173,0
2174,0
2175,0
2176,0
2177,1
2178,0
2179,0
2180,0
2181,0
2182,0
2183,1
2184,0
2185,0
2186,0
2187,0
2188,0
2189,0
2190,1
2191,0
2192,1
2193,0
2194,0
2195,0
2196,0
2197,0
2198,1
2199,1
2200,0
2201,0
2202,0
2203,1
2204,1
2205,0
2206,1
2207,0
2208,0
2209,0
2210,1
2211,0
2212,0
2213,0
2214,1
2215,0
2216,1
2217,1
2218,0
2219,0
2220,0
2221,1
2222,0
2223,0
2224,1
2225,0
2226,1
2227,0
2228,0
2229,0
2230,0
2231,0
2232,0
2233,0
2234,0
2235,1
2236,0
2237,0
2238,0
2239,0
2240,1
2241,1
2242,0
2243,0
2244,0
2245,0
2246,0
2247,0
2248,0
2249,0
2250,1
2251,0
2252,0
2253,0
2254,1
2255,1
2256,1
2257,0
2258,0
2259,1
2260,0
2261,1
2262,0
2263,1
2264,0
2265,0
2266,1
2267,0
2268,1
2269,0
2270,0
2271,1
2272,1
2273,0
2274,1
2275,1
2276,0
2277,1
2278,0
2279,0
2280,0
2281,0
2282,0
2283,0
2284,1
2285,1
2286,0
2287,0
2288,0
2289,0
2290,0
2291,0
2292,1
2293,1
2294,0
2295,1
2296,1
2297,0
2298,1
2299,0
2300,1
2301,0
2302,1
2303,1
2304,1
2305,0
2306,0
2307,1
2308,1
2309,0
2310,1
2311,1
2312,0
2313,1
2314,0
2315,0
2316,0
2317,0
2318,0
2319,0
2320,0
2321,0
2322,0
2323,0
2324,0
2325,1
2326,1
2327,1
2328,0
2329,0
2330,0
2331,0
2332,0
2333,0
2334,0
2335,0
2336,1
2337,0
2338,1
2339,0
2340,0
2341,1
2342,0
2343,1
2344,0
2345,0
2346,1
2347,1
2348,0
2349,0
2350,1
2351,1
2352,1
2353,0
2354,0
2355,0
2356,0
2357,0
2358,0
2359,1
2360,0
2361,0
2362,1
2363,1
2364,0
2365,1
2366,1
2367,1
2368,0
2369,1
2370,1
2371,0
2372,1
2373,1
2374,1
2375,0
2376,0
2377,1
2378,1
2379,0
2380,0
2381,1
2382,0
2383,0
2384,1
2385,0
2386,1
2387,1
2388,0
2389,0
2390,0
2391,1
2392,0
2393,1
2394,1
2395,0
2396,0
2397,1
2398,0
2399,1
2400,0
2401,1
2402,0
2403,0
2404,0
2405,0
2406,0
2407,0
2408,0
2409,0
2410,0
2411,0
2412,0
2413,0
2414,0
2415,0
2416,0
2417,0
2418,0
2419,0
2420,0
2421,1
2422,0
2423,1
2424,0
2425,1
2426,0
2427,1
2428,0
2429,0
2430,0
2431,1
2432,0
2433,0
2434,0
2435,1
2436,1
2437,0
2438,1
2439,0
2440,0
2441,0
2442,0
2443,0
2444,0
2445,0
2446,0
2447,0
2448,0
2449,1
2450,0
2451,0
2452,1
2453,0
2454,0
2455,1
2456,0
2457,0
2458,1
2459,0
2460,0
2461,0
2462,0
2463,0
2464,1
2465,1
2466,0
2467,0
2468,0
2469,0
2470,1
2471,1
2472,0
2473,1
2474,0
2475,0
2476,0
2477,1
2478,0
2479,0
2480,0
2481,0
2482,0
2483,0
2484,0
2485,0
2486,1
2487,0
2488,1
2489,0
2490,0
2491,0
2492,0
2493,0
2494,0
2495,0
2496,0
2497,0
2498,0
2499,1
2500,0
2501,0
2502,0
2503,0
2504,0
2505,0
2506,0
2507,0
2508,1
2509,1
2510,0
2511,0
2512,0
2513,1
2514,0
2515,0
2516,0
2517,1
2518,0
2519,0
2520,1
2521,0
2522,0
2523,1
2524,1
2525,0
2526,0
2527,1
2528,0
2529,1
2530,1
2531,0
2532,1
2533,0
2534,1
2535,0
2536,0
2537,0
2538,0
2539,0
2540,1
2541,0
2542,1
2543,0
2544,1
2545,0
2546,0
2547,0
2548,0
2549,0
2550,0
2551,0
2552,0
2553,0
2554,0
2555,1
2556,0
2557,0
2558,0
2559,1
2560,0
2561,1
2562,1
2563,0
2564,0
2565,1
2566,1
2567,0
2568,1
2569,0
2570,0
2571,1
2572,1
2573,0
2574,0
2575,1
2576,0
2577,1
2578,0
2579,1
2580,0
2581,0
2582,0
2583,0
2584,1
2585,0
2586,0
2587,0
2588,0
2589,0
2590,1
2591,0
2592,1
2593,0
2594,0
2595,0
2596,0
2597,1
2598,1
2599,1
2600,1
2601,0
2602,0
2603,1
2604,0
2605,1
2606,1
2607,0
2608,0
2609,0
2610,0
2611,0
2612,0
2613,0
2614,0
2615,1
2616,1
2617,1
2618,0
2619,0
2620,0
2621,0
2622,0
2623,1
2624,0
2625,0
2626,0
2627,0
2628,0
2629,1
2630,0
2631,1
2632,0
2633,0
2634,0
2635,0
2636,0
2637,0
2638,1
2639,0
2640,0
2641,1
2642,0
2643,1
2644,0
2645,0
2646,0
2647,1
2648,0
2649,0
2650,0
2651,0
2652,0
2653,0
2654,1
2655,1
2656,0
2657,0
2658,1
2659,0
2660,0
2661,0
2662,0
2663,0
2664,0
2665,0
2666,0
2667,1
2668,1
2669,1
2670,0
2671,0
2672,1
2673,0
2674,0
2675,0
2676,1
2677,0
2678,0
2679,1
2680,1
2681,1
2682,0
2683,1
2684,1
2685,0
2686,0
2687,0
2688,0
2689,0
2690,0
2691,1
2692,0
2693,0
2694,0
2695,0
2696,0
2697,0
2698,1
2699,0
2700,1
2701,0
2702,1
2703,0
2704,0
2705,1
2706,0
2707,0
2708,0
2709,0
2710,0
2711,0
2712,0
2713,1
2714,1
2715,1
2716,0
2717,0
2718,0
2719,0
2720,0
2721,1
2722,0
2723,0
2724,1
2725,0
2726,0
2727,0
2728,0
2729,0
2730,0
2731,1
2732,0
2733,0
2734,0
2735,0
2736,1
2737,1
2738,1
2739,1
2740,0
2741,1
2742,0
2743,0
2744,0
2745,0
2746,1
2747,0
2748,0
2749,0
2750,1
2751,0
2752,0
2753,1
2754,0
2755,0
2756,0
2757,0
2758,0
2759,0
2760,0
2761,1
2762,0
2763,0
2764,1
2765,1
2766,1
2767,0
2768,0
2769,0
2770,1
2771,1
2772,1
2773,0
2774,0
2775,0
2776,0
2777,0
2778,1
2779,0
2780,0
2781,1
2782,0
2783,1
2784,0
2785,0
2786,1
2787,0
2788,0
2789,1
2790,0
2791,1
2792,1
2793,1
2794,0
2795,1
2796,0
2797,0
2798,0
2799,1
2800,0
2801,0
2802,1
2803,0
2804,1
2805,0
2806,0
2807,0
2808,0
2809,0
2810,0
2811,0
2812,0
2813,0
2814,1
2815,0
2816,0
2817,0
2818,0
2819,0
2820,1
2821,0
2822,0
2823,0
2824,0
2825,1
2826,1
2827,0
2828,1
2829,1
2830,0
2831,0
2832,0
2833,0
2834,0
2835,1
2836,1
2837,1
2838,1
2839,1
2840,0
2841,0
2842,0
2843,0
2844,1
2845,0
2846,0
2847,0
2848,0
2849,1
2850,0
2851,1
2852,1
2853,1
2854,1
2855,0
2856,1
2857,0
2858,0
2859,1
2860,0
2861,0
2862,0
2863,0
2864,1
2865,1
2866,0
2867,0
2868,0
2869,0
2870,0
2871,0
2872,1
2873,1
2874,0
2875,0
2876,1
2877,1
2878,0
2879,1
2880,0
2881,0
2882,0
2883,0
2884,0
2885,0
2886,0
2887,1
2888,1
2889,0
2890,1
2891,0
2892,0
2893,0
2894,1
2895,0
2896,0
2897,0
2898,0
2899,0
2900,1
2901,1
2902,0
2903,1
2904,0
2905,0
2906,0
2907,1
2908,0
2909,0
2910,1
2911,0
2912,1
2913,0
2914,1
2915,0
2916,0
2917,0
2918,1
2919,0
2920,0
2921,0
2922,1
2923,1
2924,1
2925,0
2926,0
2927,0
2928,0
2929,0
2930,0
2931,0
2932,0
2933,0
2934,1
2935,0
2936,0
2937,1
2938,1
2939,1
2940,0
2941,0
2942,0
2943,0
2944,0
2945,1
2946,0
2947,1
2948,0
2949,0
2950,0
2951,1
2952,1
2953,0
2954,0
2955,1
2956,0
2957,0
2958,0
2959,0
2960,0
2961,1
2962,0
2963,0
2964,1
2965,0
2966,0
2967,1
2968,0
2969,1
2970,0
2971,1
2972,1
2973,0
2974,1
2975,1
2976,1
2977,1
2978,1
2979,0
2980,1
2981,0
2982,0
2983,0
2984,0
2985,1
2986,0
2987,0
2988,0
2989,0
2990,0
2991,0
2992,0
2993,0
2994,0
2995,0
2996,0
2997,0
2998,1
2999,0
3000,0
3001,0
3002,1
3003,1
3004,1
3005,0
3006,0
3007,0
3008,0
3009,1
3010,0
3011,0
3012,0
3013,1
3014,1
3015,0
3016,0
3017,0
3018,0
3019,0
3020,0
3021,0
3022,0
3023,1
3024,0
3025,0
3026,1
3027,0
3028,0
3029,0
3030,0
3031,1
3032,0
3033,0
3034,0
3035,0
3036,0
3037,0
3038,1
3039,0
3040,0
3041,0
3042,0
3043,1
3044,1
3045,0
3046,1
3047,1
3048,0
3049,0
3050,0
3051,0
3052,0
3053,0
3054,1
3055,0
3056,0
3057,1
3058,0
3059,0
3060,1
3061,0
3062,0
3063,1
3064,0
3065,0
3066,0
3067,0
3068,0
3069,0
3070,0
3071,0
3072,1
3073,0
3074,0
3075,1
3076,1
3077,0
3078,0
3079,1
3080,0
3081,0
3082,0
3083,1
3084,0
3085,0
3086,0
3087,0
3088,0
3089,0
3090,1
3091,0
3092,1
3093,0
3094,0
3095,0
3096,0
3097,0
3098,0
3099,0
3100,0
3101,1
3102,1
3103,1
3104,0
3105,0
3106,1
3107,0
3108,0
3109,0
3110,1
3111,0
3112,1
3113,0
3114,1
3115,0
3116,1
3117,0
3118,0
3119,0
3120,0
3121,0
3122,0
3123,1
3124,1
3125,0
3126,0
3127,0
3128,0
3129,1
3130,0
3131,0
3132,0
3133,1
3134,1
3135,0
3136,0
3137,0
3138,0
3139,0
3140,1
3141,0
3142,0
3143,1
3144,1
3145,0
3146,0
3147,0
3148,0
3149,1
3150,1
3151,1
3152,0
3153,1
3154,0
3155,1
3156,0
3157,0
3158,0
3159,0
3160,0
3161,0
3162,1
3163,0
3164,0
3165,1
3166,0
3167,0
3168,0
3169,0
3170,1
3171,0
3172,1
3173,0
3174,1
3175,1
3176,0
3177,1
3178,0
3179,1
3180,0
3181,1
3182,0
3183,0
3184,1
3185,0
3186,1
3187,0
3188,0
3189,0
3190,0
3191,0
3192,1
3193,1
3194,0
3195,0
3196,0
3197,0
3198,0
3199,0
3200,0
3201,0
3202,0
3203,0
3204,0
3205,0
3206,0
3207,0
3208,0
3209,1
3210,0
3211,0
3212,0
3213,0
3214,1
3215,1
3216,1
3217,1
3218,0
3219,1
3220,0
3221,1
3222,0
3223,0
3224,0
3225,1
3226,1
3227,0
3228,1
3229,0
3230,0
3231,0
3232,1
3233,1
3234,0
3235,0
3236,1
3237,1
3238,0
3239,0
3240,0
3241,1
3242,0
3243,0
3244,0
3245,0
3246,0
3247,0
3248,1
3249,0
3250,1
3251,0
3252,0
3253,0
3254,0
3255,1
3256,0
3257,0
3258,0
3259,0
3260,0
3261,0
3262,1
3263,1
3264,0
3265,0
3266,0
3267,1
3268,0
3269,0
3270,0
3271,1
3272,0
3273,0
3274,0
3275,1
3276,0
3277,1
3278,1
3279,0
3280,0
3281,0
3282,1
3283,1
3284,1
3285,1
3286,0
3287,0
3288,0
3289,0
3290,0
3291,1
3292,1
3293,1
3294,0
3295,1
3296,0
3297,0
3298,1
3299,1
3300,0
3301,0
3302,0
3303,0
3304,0
3305,0
3306,0
3307,1
3308,0
3309,1
3310,0
3311,0
3312,0
3313,1
3314,0
3315,1
3316,0
3317,0
3318,0
3319,0
3320,1
3321,1
3322,0
3323,0
3324,1
3325,0
3326,0
3327,0
3328,1
3329,1
3330,1
3331,1
3332,0
3333,0
3334,0
3335,1
3336,1
3337,1
3338,0
3339,0
3340,1
3341,0
3342,0
3343,1
3344,1
3345,1
3346,1
3347,0
3348,0
3349,0
3350,0
3351,0
3352,0
3353,1
3354,0
3355,0
3356,0
3357,1
3358,1
3359,0
3360,0
3361,1
3362,1
3363,0
3364,0
3365,1
3366,0
3367,0
3368,0
3369,1
3370,0
3371,1
3372,0
3373,1
3374,0
3375,1
3376,0
3377,1
3378,0
3379,1
3380,0
3381,0
3382,0
3383,0
3384,0
3385,0
3386,0
3387,1
3388,0
3389,1
3390,1
3391,0
3392,0
3393,0
3394,0
3395,1
3396,1
3397,0
3398,0
3399,0
3400,0
3401,1
3402,0
3403,0
3404,0
3405,0
3406,1
3407,0
3408,0
3409,0
3410,0
3411,0
3412,1
3413,0
3414,0
3415,1
3416,1
3417,1
3418,1
3419,0
3420,0
3421,1
3422,0
3423,0
3424,0
3425,0
3426,0
3427,0
3428,0
3429,0
3430,0
3431,1
3432,1
3433,1
3434,0
3435,0
3436,1
3437,0
3438,0
3439,0
3440,0
3441,0
3442,1
3443,0
3444,0
3445,1
3446,1
3447,0
3448,1
3449,0
3450,1
3451,0
3452,0
3453,1
3454,0
3455,0
3456,0
3457,0
3458,0
3459,1
3460,1
3461,0
3462,0
3463,1
3464,1
3465,0
3466,0
3467,0
3468,1
3469,0
3470,1
3471,0
3472,1
3473,0
3474,1
3475,0
3476,1
3477,0
3478,0
3479,0
3480,0
3481,1
3482,0
3483,0
3484,1
3485,1
3486,0
3487,0
3488,0
3489,0
3490,0
3491,0
3492,1
3493,0
3494,0
3495,0
3496,0
3497,0
3498,0
3499,1
3500,1
3501,0
3502,0
3503,1
3504,0
3505,0
3506,1
3507,0
3508,0
3509,1
3510,1
3511,0
3512,1
3513,0
3514,1
3515,0
3516,1
3517,0
3518,1
3519,1
3520,0
3521,0
3522,0
3523,1
3524,1
3525,0
3526,1
3527,1
3528,0
3529,0
3530,0
3531,0
3532,1
3533,1
3534,0
3535,0
3536,0
3537,1
3538,0
3539,1
3540,0
3541,1
3542,0
3543,0
3544,0
3545,0
3546,0
3547,0
3548,0
3549,0
3550,0
3551,0
3552,1
3553,1
3554,1
3555,0
3556,0
3557,0
3558,0
3559,0
3560,1
3561,1
3562,0
3563,1
3564,0
3565,1
3566,0
3567,0
3568,0
3569,0
3570,1
3571,0
3572,0
3573,0
3574,0
3575,0
3576,0
3577,0
3578,1
3579,1
3580,0
3581,1
3582,0
3583,0
3584,1
3585,0
3586,0
3587,0
3588,1
3589,0
3590,0
3591,1
3592,1
3593,0
3594,1
3595,1
3596,0
3597,0
3598,1
3599,1
3600,0
3601,0
3602,0
3603,0
3604,0
3605,0
3606,1
3607,0
3608,0
3609,1
3610,0
3611,0
3612,0
3613,1
3614,1
3615,0
3616,0
3617,1
3618,0
3619,0
3620,1
3621,0
3622,0
3623,0
3624,0
3625,1
3626,1
3627,1
3628,0
3629,0
3630,0
3631,0
3632,0
3633,0
3634,0
3635,1
3636,0
3637,1
3638,0
3639,0
3640,0
3641,0
3642,1
3643,0
3644,1
3645,0
3646,0
3647,1
3648,1
3649,1
3650,0
3651,0
3652,0
3653,0
3654,0
3655,1
3656,0
3657,1
3658,0
3659,1
3660,0
3661,0
3662,0
3663,0
3664,1
3665,1
3666,0
3667,0
3668,0
3669,0
3670,1
3671,0
3672,0
3673,0
3674,1
3675,0
3676,1
3677,0
3678,1
3679,1
3680,1
3681,0
3682,0
3683,0
3684,0
3685,1
3686,1
3687,1
3688,1
3689,1
3690,0
3691,0
3692,0
3693,0
3694,0
3695,1
3696,1
3697,0
3698,0
3699,0
3700,0
3701,1
3702,1
3703,0
3704,0
3705,0
3706,0
3707,0
3708,1
3709,0
3710,1
3711,0
3712,0
3713,0
3714,0
3715,1
3716,1
3717,0
3718,0
3719,0
3720,1
3721,0
3722,1
3723,0
3724,0
3725,0
3726,0
3727,0
3728,1
3729,0
3730,1
3731,0
3732,1
3733,0
3734,0
3735,1
3736,0
3737,0
3738,0
3739,0
3740,0
3741,0
3742,1
3743,1
3744,0
3745,0
3746,0
3747,1
3748,0
3749,0
3750,0
3751,0
3752,0
3753,0
3754,0
3755,0
3756,1
3757,0
3758,0
3759,0
3760,0
3761,1
3762,0
3763,0
3764,0
3765,1
3766,1
3767,0
3768,0
3769,0
3770,1
3771,0
3772,0
3773,1
3774,0
3775,0
3776,0
3777,0
3778,0
3779,0
3780,1
3781,0
3782,0
3783,0
3784,1
3785,0
3786,1
3787,0
3788,1
3789,0
3790,0
3791,0
3792,1
3793,0
3794,0
3795,0
3796,1
3797,0
3798,1
3799,1
3800,0
3801,0
3802,0
3803,0
3804,0
3805,1
3806,0
3807,0
3808,0
3809,0
3810,1
3811,1
3812,0
3813,1
3814,1
3815,1
3816,0
3817,0
3818,0
3819,0
3820,1
3821,1
3822,1
3823,0
3824,0
3825,0
3826,0
3827,1
3828,0
3829,0
3830,0
3831,0
3832,0
3833,1
3834,0
3835,1
3836,0
3837,0
3838,1
3839,0
3840,1
3841,0
3842,1
3843,1
3844,1
3845,0
3846,0
3847,0
3848,0
3849,0
3850,0
3851,1
3852,0
3853,0
3854,1
3855,0
3856,0
3857,1
3858,0
3859,1
3860,0
3861,1
3862,1
3863,1
3864,0
3865,0
3866,1
3867,0
3868,0
3869,1
3870,0
3871,0
3872,0
3873,1
3874,0
3875,1
3876,1
3877,1
3878,0
3879,0
3880,1
3881,1
3882,0
3883,1
3884,1
3885,0
3886,0
3887,0
3888,1
3889,0
3890,1
3891,0
3892,0
3893,0
3894,1
3895,1
3896,1
3897,1
3898,1
3899,0
3900,0
3901,1
3902,1
3903,0
3904,0
3905,1
3906,0
3907,1
3908,1
3909,0
3910,0
3911,1
3912,0
3913,1
3914,0
3915,0
3916,0
3917,0
3918,0
3919,1
3920,0
3921,0
3922,0
3923,1
3924,0
3925,1
3926,0
3927,1
3928,0
3929,1
3930,0
3931,0
3932,1
3933,0
3934,1
3935,1
3936,0
3937,1
3938,0
3939,1
3940,0
3941,1
3942,0
3943,0
3944,1
3945,1
3946,1
3947,0
3948,0
3949,0
3950,0
3951,0
3952,1
3953,1
3954,1
3955,1
3956,1
3957,0
3958,1
3959,1
3960,1
3961,0
3962,0
3963,0
3964,0
3965,0
3966,1
3967,1
3968,0
3969,1
3970,1
3971,0
3972,0
3973,0
3974,1
3975,1
3976,0
3977,0
3978,0
3979,1
3980,1
3981,0
3982,1
3983,1
3984,1
3985,0
3986,0
3987,0
3988,1
3989,0
3990,1
3991,0
3992,1
3993,1
3994,0
3995,0
3996,0
3997,1
3998,0
3999,0
4000,0
4001,0
4002,0
4003,0
4004,0
4005,1
4006,1
4007,0
4008,1
4009,0
4010,1
4011,0
4012,1
4013,0
4014,0
4015,1
4016,0
4017,0
4018,0
4019,0
4020,0
4021,0
4022,0
4023,0
4024,0
4025,0
4026,0
4027,1
4028,1
4029,1
4030,0
4031,1
4032,0
4033,0
4034,0
4035,0
4036,0
4037,0
4038,0
4039,0
4040,0
4041,0
4042,0
4043,0
4044,0
4045,1
4046,0
4047,0
4048,1
4049,0
4050,0
4051,1
4052,1
4053,0
4054,0
4055,1
4056,0
4057,1
4058,1
4059,0
4060,0
4061,0
4062,0
4063,0
4064,0
4065,0
4066,1
4067,1
4068,0
4069,0
4070,1
4071,1
4072,0
4073,0
4074,1
4075,0
4076,1
4077,0
4078,0
4079,0
4080,0
4081,1
4082,0
4083,0
4084,0
4085,0
4086,0
4087,0
4088,1
4089,1
4090,1
4091,0
4092,0
4093,0
4094,1
4095,0
4096,0
4097,0
4098,0
4099,1
4100,0
4101,1
4102,0
4103,0
4104,0
4105,0
4106,0
4107,0
4108,1
4109,0
4110,0
4111,0
4112,0
4113,1
4114,0
4115,1
4116,0
4117,0
4118,0
4119,0
4120,1
4121,0
4122,0
4123,1
4124,1
4125,1
4126,0
4127,1
4128,0
4129,0
4130,0
4131,0
4132,0
4133,0
4134,0
4135,0
4136,0
4137,1
4138,0
4139,1
4140,0
4141,0
4142,0
4143,1
4144,0
4145,0
4146,0
4147,1
4148,0
4149,0
4150,0
4151,1
4152,1
4153,0
4154,1
4155,0
4156,0
4157,0
4158,1
4159,0
4160,0
4161,1
4162,0
4163,1
4164,0
4165,0
4166,1
4167,1
4168,0
4169,1
4170,0
4171,0
4172,0
4173,1
4174,0
4175,0
4176,0
4177,0
4178,0
4179,0
4180,0
4181,0
4182,0
4183,1
4184,0
4185,1
4186,0
4187,1
4188,0
4189,0
4190,0
4191,0
4192,1
4193,0
4194,1
4195,1
4196,1
4197,1
4198,0
4199,1
4200,0
4201,1
4202,0
4203,0
4204,0
4205,1
4206,1
4207,0
4208,1
4209,0
4210,0
4211,0
4212,0
4213,1
4214,1
4215,1
4216,0
4217,0
4218,0
4219,0
4220,0
4221,0
4222,0
4223,0
4224,0
4225,0
4226,0
4227,0
4228,0
4229,0
4230,0
4231,1
4232,0
4233,0
4234,1
4235,0
4236,0
4237,0
4238,1
4239,1
4240,0
4241,1
4242,1
4243,0
4244,0
4245,1
4246,1
4247,0
4248,1
4249,0
4250,0
4251,0
4252,0
4253,0
4254,0
4255,1
4256,0
4257,1
4258,0
4259,0
4260,0
4261,0
4262,1
4263,0
4264,1
4265,1
4266,0
4267,0
4268,0
4269,1
4270,0
4271,1
4272,1
4273,0
4274,0
4275,0
4276,0
4277,1
4278,1
4279,0
4280,0
4281,0
4282,0
4283,1
4284,1
4285,0
4286,0
4287,1
4288,1
4289,0
4290,0
4291,0
4292,0
4293,0
4294,0
4295,1
4296,0
4297,1
4298,0
4299,0
4300,0
4301,1
4302,0
4303,0
4304,0
4305,0
4306,0
4307,1
4308,0
4309,1
4310,1
4311,0
4312,0
4313,0
4314,1
4315,0
4316,1
4317,0
4318,0
4319,0
4320,1
4321,1
4322,0
4323,1
4324,1
4325,1
4326,0
4327,0
4328,0
4329,1
4330,0
4331,1
4332,0
4333,0
4334,1
4335,0
4336,0
4337,1
4338,1
4339,1
4340,0
4341,0
4342,0
4343,0
4344,0
4345,0
4346,1
4347,0
4348,1
4349,0
4350,0
4351,1
4352,0
4353,0
4354,0
4355,0
4356,0
4357,0
4358,0
4359,1
4360,1
4361,0
4362,0
4363,1
4364,0
4365,0
4366,1
4367,1
4368,0
4369,0
4370,0
4371,0
4372,0
4373,0
4374,0
4375,0
4376,0
4377,0
4378,0
4379,0
4380,0
4381,0
4382,0
4383,1
4384,0
4385,1
4386,1
4387,0
4388,0
4389,0
4390,1
4391,0
4392,0
4393,0
4394,1
4395,0
4396,1
4397,0
4398,0
4399,0
4400,0
4401,0
4402,0
4403,0
4404,0
4405,1
4406,0
4407,0
4408,1
4409,1
4410,1
4411,0
4412,0
4413,1
4414,1
4415,0
4416,0
4417,0
4418,0
4419,1
4420,0
4421,1
4422,0
4423,0
4424,0
4425,0
4426,0
4427,1
4428,0
4429,0
4430,0
4431,0
4432,1
4433,0
4434,0
4435,1
4436,1
4437,1
4438,1
4439,0
4440,0
4441,0
4442,0
4443,0
4444,0
4445,0
4446,0
4447,0
4448,0
4449,0
4450,0
4451,0
4452,0
4453,0
4454,0
4455,1
4456,0
4457,0
4458,0
4459,1
4460,0
4461,0
4462,1
4463,0
4464,0
4465,0
4466,0
4467,0
4468,1
4469,0
4470,0
4471,0
4472,0
4473,1
4474,1
4475,1
4476,1
4477,0
4478,1
4479,0
4480,1
4481,0
4482,0
4483,1
4484,0
4485,1
4486,0
4487,0
4488,1
4489,0
4490,0
4491,0
4492,0
4493,1
4494,1
4495,1
4496,1
4497,0
4498,0
4499,1
4500,1
4501,1
4502,0
4503,0
4504,0
4505,0
4506,0
4507,1
4508,0
4509,0
4510,1
4511,0
4512,0
4513,0
4514,0
4515,0
4516,0
4517,1
4518,0
4519,0
4520,0
4521,0
4522,0
4523,0
4524,0
4525,0
4526,0
4527,1
4528,1
4529,1
4530,0
4531,0
4532,0
4533,1
4534,1
4535,1
4536,0
4537,0
4538,1
4539,1
4540,0
4541,0
4542,0
4543,0
4544,1
4545,0
4546,0
4547,1
4548,1
4549,0
4550,0
4551,0
4552,0
4553,0
4554,0
4555,1
4556,1
4557,0
4558,0
4559,1
4560,0
4561,1
4562,1
4563,1
4564,0
4565,0
4566,0
4567,0
4568,1
4569,1
4570,0
4571,0
4572,0
4573,0
4574,0
4575,1
4576,1
4577,0
4578,0
4579,0
4580,1
4581,0
4582,1
4583,1
4584,0
4585,1
4586,0
4587,0
4588,0
4589,1
4590,1
4591,1
4592,0
4593,0
4594,0
4595,0
4596,1
4597,1
4598,1
4599,1
4600,0
4601,0
4602,0
4603,0
4604,0
4605,1
4606,0
4607,0
4608,0
4609,0
4610,0
4611,1
4612,0
4613,1
4614,0
4615,0
4616,0
4617,0
4618,0
4619,1
4620,0
4621,0
4622,0
4623,0
4624,0
4625,0
4626,1
4627,0
4628,0
4629,0
4630,0
4631,0
4632,0
4633,0
4634,1
4635,1
4636,1
4637,0
4638,0
4639,1
4640,0
4641,0
4642,0
4643,1
4644,0
4645,0
4646,0
4647,0
4648,0
4649,0
4650,0
4651,0
4652,0
4653,0
4654,1
4655,1
4656,1
4657,0
4658,0
4659,1
4660,0
4661,1
4662,1
4663,0
4664,1
4665,0
4666,1
4667,0
4668,0
4669,0
4670,0
4671,1
4672,0
4673,1
4674,0
4675,1
4676,1
4677,1
4678,0
4679,1
4680,1
4681,1
4682,1
4683,0
4684,1
4685,0
4686,0
4687,0
4688,1
4689,0
4690,0
4691,0
4692,1
4693,0
4694,1
4695,0
4696,0
4697,1
4698,0
4699,0
4700,0
4701,1
4702,0
4703,1
4704,0
4705,1
4706,1
4707,0
4708,0
4709,0
4710,0
4711,0
4712,0
4713,0
4714,0
4715,0
4716,0
4717,1
4718,1
4719,1
4720,0
4721,0
4722,0
4723,1
4724,0
4725,0
4726,0
4727,0
4728,0
4729,1
4730,0
4731,0
4732,0
4733,0
4734,1
4735,1
4736,1
4737,0
4738,0
4739,0
4740,0
4741,1
4742,0
4743,0
4744,0
4745,0
4746,0
4747,0
4748,1
4749,1
4750,0
4751,0
4752,0
4753,0
4754,0
4755,1
4756,0
4757,0
4758,0
4759,0
4760,0
4761,0
4762,0
4763,1
4764,0
4765,0
4766,1
4767,0
4768,1
4769,0
4770,0
4771,1
4772,1
4773,1
4774,0
4775,0
4776,0
4777,0
4778,1
4779,1
4780,1
4781,0
4782,0
4783,0
4784,1
4785,0
4786,1
4787,0
4788,0
4789,0
4790,0
4791,1
4792,0
4793,0
4794,1
4795,0
4796,0
4797,1
4798,0
4799,0
4800,0
4801,1
4802,0
4803,0
4804,0
4805,0
4806,0
4807,0
4808,0
4809,0
4810,0
4811,0
4812,1
4813,1
4814,0
4815,0
4816,0
4817,0
4818,0
4819,0
4820,1
4821,0
4822,0
4823,0
4824,0
4825,0
4826,0
4827,1
4828,0
4829,0
4830,0
4831,0
4832,1
4833,0
4834,0
4835,0
4836,0
4837,1
4838,0
4839,0
4840,0
4841,0
4842,0
4843,0
4844,0
4845,1
4846,1
4847,1
4848,0
4849,0
4850,0
4851,1
4852,0
4853,0
4854,0
4855,0
4856,1
4857,1
4858,0
4859,0
4860,0
4861,0
4862,0
4863,1
4864,0
4865,0
4866,0
4867,1
4868,0
4869,0
4870,1
4871,0
4872,1
4873,0
4874,1
4875,0
4876,1
4877,0
4878,1
4879,0
4880,1
4881,1
4882,0
4883,0
4884,0
4885,0
4886,1
4887,0
4888,1
4889,1
4890,0
4891,0
4892,0
4893,0
4894,0
4895,1
4896,0
4897,0
4898,0
4899,1
4900,0
4901,1
4902,0
4903,1
4904,0
4905,0
4906,1
4907,1
4908,1
4909,1
4910,0
4911,0
4912,1
4913,1
4914,0
4915,0
4916,1
4917,0
4918,0
4919,0
4920,0
4921,1
4922,0
4923,1
4924,0
4925,0
4926,0
4927,1
4928,0
4929,0
4930,0
4931,1
4932,0
4933,1
4934,1
4935,1
4936,0
4937,0
4938,0
4939,0
4940,0
4941,0
4942,1
4943,0
4944,0
4945,1
4946,0
4947,0
4948,1
4949,0
4950,0
4951,0
4952,1
4953,0
4954,0
4955,0
4956,0
4957,1
4958,0
4959,0
4960,1
4961,0
4962,0
4963,0
4964,0
4965,0
4966,0
4967,1
4968,0
4969,0
4970,0
4971,0
4972,1
4973,0
4974,1
4975,1
4976,0
4977,0
4978,0
4979,0
4980,0
4981,1
4982,0
4983,0
4984,0
4985,1
4986,0
4987,0
4988,1
4989,0
4990,1
4991,1
4992,1
4993,0
4994,0
4995,0
4996,1
4997,0
4998,0
4999,0
5000,1
5001,0
5002,1
5003,1
5004,1
5005,1
5006,0
5007,0
5008,1
5009,1
5010,0
5011,1
5012,0
5013,1
5014,0
5015,0
5016,0
5017,0
5018,0
5019,0
5020,0
5021,0
5022,0
5023,0
5024,0
5025,1
5026,0
5027,1
5028,0
5029,1
5030,0
5031,1
5032,0
5033,0
5034,0
5035,0
5036,0
5037,1
5038,0
5039,0
5040,1
5041,0
5042,0
5043,0
5044,1
5045,0
5046,0
5047,0
5048,0
5049,0
5050,0
5051,0
5052,0
5053,1
5054,1
5055,0
5056,0
5057,1
5058,0
5059,1
5060,0
5061,0
5062,0
5063,0
5064,0
5065,0
5066,0
5067,0
5068,0
5069,0
5070,0
5071,0
5072,0
5073,1
5074,0
5075,0
5076,0
5077,1
5078,1
5079,0
5080,1
5081,1
5082,0
5083,0
5084,0
5085,0
5086,0
5087,1
5088,1
5089,1
5090,0
5091,1
5092,0
5093,0
5094,0
5095,0
5096,1
5097,0
5098,0
5099,0
5100,1
5101,0
5102,1
5103,1
5104,1
5105,0
5106,0
5107,0
5108,0
5109,0
5110,1
5111,0
5112,0
5113,0
5114,0
5115,0
5116,0
5117,1
5118,0
5119,0
5120,1
5121,0
5122,0
5123,1
5124,0
5125,0
5126,0
5127,1
5128,0
5129,1
5130,0
5131,0
5132,0
5133,1
5134,1
5135,0
5136,0
5137,0
5138,0
5139,0
5140,0
5141,0
5142,1
5143,0
5144,0
5145,0
5146,0
5147,0
5148,0
5149,0
5150,1
5151,1
5152,0
5153,1
5154,0
5155,0
5156,0
5157,0
5158,0
5159,1
5160,1
5161,0
5162,0
5163,1
5164,0
5165,0
5166,0
5167,1
5168,0
5169,1
5170,0
5171,1
5172,0
5173,1
5174,0
5175,1
5176,0
5177,0
5178,0
5179,0
5180,0
5181,1
5182,0
5183,1
5184,0
5185,1
5186,0
5187,0
5188,0
5189,0
5190,0
5191,1
5192,0
5193,0
5194,0
5195,0
5196,0
5197,0
5198,0
5199,0
5200,0
5201,1
5202,0
5203,0
5204,0
5205,1
5206,0
5207,1
5208,1
5209,0
5210,0
5211,0
5212,0
5213,0
5214,0
5215,0
5216,0
5217,1
5218,1
5219,1
5220,0
5221,1
5222,0
5223,1
5224,1
5225,1
5226,0
5227,1
5228,0
5229,1
5230,0
5231,1
5232,1
5233,0
5234,0
5235,0
5236,0
5237,0
5238,0
5239,0
5240,1
5241,1
5242,0
5243,0
5244,0
5245,0
5246,0
5247,0
5248,0
5249,0
5250,0
5251,1
5252,1
5253,0
5254,0
5255,1
5256,0
5257,1
5258,1
5259,0
5260,1
5261,1
5262,1
5263,0
5264,0
5265,1
5266,0
5267,0
5268,0
5269,0
5270,0
5271,1
5272,0
5273,1
5274,0
5275,1
5276,0
5277,1
5278,1
5279,1
5280,0
5281,0
5282,0
5283,1
5284,0
5285,0
5286,0
5287,0
5288,1
5289,0
5290,0
5291,0
5292,1
5293,0
5294,0
5295,0
5296,1
5297,1
5298,1
5299,0
5300,0
5301,0
5302,0
5303,0
5304,0
5305,0
5306,0
5307,0
5308,1
5309,0
5310,0
5311,1
5312,1
5313,0
5314,0
5315,0
5316,1
5317,1
5318,0
5319,1
5320,0
5321,1
5322,0
5323,0
5324,1
5325,1
5326,0
5327,1
5328,0
5329,0
5330,0
5331,0
5332,0
5333,1
5334,0
5335,0
5336,0
5337,0
5338,0
5339,1
5340,0
5341,1
5342,0
5343,0
5344,0
5345,0
5346,1
5347,0
5348,1
5349,0
5350,1
5351,1
5352,0
5353,0
5354,1
5355,0
5356,0
5357,0
5358,0
5359,0
5360,0
5361,1
5362,0
5363,0
5364,0
5365,1
5366,0
5367,0
5368,0
5369,1
5370,1
5371,1
5372,0
5373,1
5374,0
5375,0
5376,1
5377,0
5378,0
5379,0
5380,0
5381,0
5382,0
5383,0
5384,0
5385,0
5386,1
5387,0
5388,1
5389,1
5390,0
5391,0
5392,0
5393,0
5394,1
5395,0
5396,0
5397,1
5398,0
5399,1
5400,0
5401,1
5402,0
5403,0
5404,0
5405,0
5406,1
5407,1
5408,1
5409,0
5410,0
5411,1
5412,0
5413,1
5414,1
5415,1
5416,0
5417,0
5418,0
5419,1
5420,1
5421,1
5422,0
5423,0
5424,1
5425,0
5426,0
5427,0
5428,0
5429,0
5430,0
5431,1
5432,0
5433,1
5434,1
5435,0
5436,0
5437,0
5438,0
5439,0
5440,0
5441,0
5442,0
5443,0
5444,0
5445,1
5446,1
5447,0
5448,0
5449,0
5450,0
5451,1
5452,1
5453,0
5454,0
5455,0
5456,0
5457,0
5458,1
5459,0
5460,1
5461,0
5462,0
5463,0
5464,1
5465,0
5466,1
5467,0
5468,1
5469,0
5470,0
5471,1
5472,1
5473,0
5474,1
5475,0
5476,0
5477,0
5478,1
5479,0
5480,0
5481,1
5482,0
5483,0
5484,0
5485,0
5486,0
5487,0
5488,1
5489,0
5490,0
5491,0
5492,0
5493,1
5494,1
5495,0
5496,1
5497,0
5498,0
5499,0
5500,1
5501,0
5502,0
5503,0
5504,1
5505,0
5506,0
5507,0
5508,1
5509,1
5510,0
5511,1
5512,0
5513,1
5514,0
5515,0
5516,0
5517,1
5518,0
5519,1
5520,0
5521,0
5522,0
5523,1
5524,1
5525,0
5526,1
5527,0
5528,1
5529,0
5530,0
5531,0
5532,0
5533,1
5534,0
5535,0
5536,0
5537,0
5538,0
5539,1
5540,0
5541,1
5542,0
5543,1
5544,0
5545,1
5546,1
5547,0
5548,0
5549,1
5550,0
5551,1
5552,1
5553,0
5554,0
5555,0
5556,1
5557,1
5558,1
5559,0
5560,0
5561,0
5562,0
5563,0
5564,0
5565,0
5566,0
5567,0
5568,0
5569,0
5570,0
5571,0
5572,0
5573,0
5574,1
5575,1
5576,0
5577,0
5578,0
5579,0
5580,0
5581,1
5582,1
5583,0
5584,0
5585,1
5586,0
5587,1
5588,1
5589,1
5590,1
5591,1
5592,0
5593,0
5594,0
5595,1
5596,1
5597,0
5598,1
5599,1
5600,0
5601,1
5602,1
5603,0
5604,0
5605,1
5606,0
5607,0
5608,0
5609,1
5610,1
5611,1
5612,1
5613,1
5614,0
5615,0
5616,1
5617,1
5618,0
5619,0
5620,1
5621,0
5622,0
5623,0
5624,1
5625,0
5626,0
5627,0
5628,1
5629,1
5630,1
5631,1
5632,1
5633,1
5634,1
5635,0
5636,1
5637,1
5638,1
5639,0
5640,0
5641,0
5642,1
5643,1
5644,0
5645,0
5646,0
5647,1
5648,0
5649,0
5650,0
5651,1
5652,0
5653,1
5654,0
5655,0
5656,0
5657,1
5658,0
5659,0
5660,1
5661,0
5662,0
5663,0
5664,0
5665,0
5666,0
5667,0
5668,0
5669,0
5670,1
5671,1
5672,0
5673,0
5674,0
5675,1
5676,0
5677,1
5678,1
5679,1
5680,1
5681,1
5682,0
5683,1
5684,0
5685,1
5686,1
5687,0
5688,0
5689,0
5690,1
5691,0
5692,1
5693,0
5694,0
5695,0
5696,0
5697,0
5698,1
5699,0
5700,0
5701,0
5702,0
5703,1
5704,1
5705,1
5706,0
5707,0
5708,0
5709,1
5710,1
5711,1
5712,0
5713,0
5714,0
5715,0
5716,0
5717,0
5718,1
5719,1
5720,1
5721,1
5722,0
5723,1
5724,1
5725,0
5726,1
5727,1
5728,1
5729,0
5730,0
5731,0
5732,0
5733,0
5734,0
5735,1
5736,1
5737,1
5738,0
5739,1
5740,1
5741,0
5742,0
5743,0
5744,1
5745,0
5746,0
5747,0
5748,0
5749,1
5750,0
5751,1
5752,0
5753,0
5754,0
5755,1
5756,0
5757,0
5758,0
5759,0
5760,0
5761,1
5762,0
5763,0
5764,1
5765,0
5766,1
5767,1
5768,0
5769,0
5770,1
5771,1
5772,0
5773,0
5774,0
5775,1
5776,1
5777,1
5778,1
5779,0
5780,0
5781,1
5782,0
5783,0
5784,0
5785,1
5786,1
5787,0
5788,0
5789,0
5790,0
5791,0
5792,0
5793,1
5794,0
5795,0
5796,0
5797,1
5798,1
5799,0
5800,0
5801,0
5802,1
5803,1
5804,0
5805,0
5806,0
5807,1
5808,1
5809,1
5810,1
5811,0
5812,1
5813,0
5814,0
5815,1
5816,0
5817,0
5818,0
5819,0
5820,0
5821,0
5822,0
5823,0
5824,1
5825,0
5826,0
5827,1
5828,0
5829,1
5830,0
5831,0
5832,0
5833,0
5834,1
5835,1
5836,0
5837,1
5838,0
5839,0
5840,1
5841,0
5842,0
5843,0
5844,1
5845,0
5846,0
5847,1
5848,1
5849,0
5850,0
5851,1
5852,1
5853,1
5854,1
5855,1
5856,1
5857,1
5858,0
5859,0
5860,1
5861,1
5862,1
5863,1
5864,1
5865,0
5866,0
5867,1
5868,1
5869,0
5870,0
5871,0
5872,1
5873,0
5874,0
5875,0
5876,1
5877,0
5878,0
5879,0
5880,1
5881,0
5882,0
5883,1
5884,1
5885,1
5886,0
5887,0
5888,0
5889,0
5890,0
5891,0
5892,1
5893,1
5894,1
5895,0
5896,0
5897,0
5898,0
5899,1
5900,0
5901,0
5902,1
5903,0
5904,1
5905,0
5906,1
5907,0
5908,1
5909,1
5910,0
5911,1
5912,1
5913,0
5914,0
5915,0
5916,0
5917,0
5918,1
5919,0
5920,0
5921,0
5922,0
5923,0
5924,0
5925,1
5926,0
5927,0
5928,1
5929,1
5930,0
5931,1
5932,0
5933,0
5934,0
5935,0
5936,1
5937,1
5938,0
5939,0
5940,0
5941,0
5942,0
5943,0
5944,1
5945,0
5946,1
5947,0
5948,1
5949,1
5950,1
5951,1
5952,1
5953,1
5954,0
5955,1
5956,0
5957,1
5958,0
5959,0
5960,0
5961,0
5962,0
5963,0
5964,0
5965,0
5966,0
5967,1
5968,0
5969,0
5970,0
5971,0
5972,1
5973,1
5974,1
5975,0
5976,0
5977,0
5978,0
5979,0
5980,0
5981,0
5982,1
5983,1
5984,0
5985,0
5986,0
5987,0
5988,0
5989,0
5990,1
5991,1
5992,1
5993,0
5994,1
5995,1
5996,0
5997,0
5998,1
5999,1
6000,0
